feature,importance
Temperature,0.6089953173838917
Dept,0.38000068451786256
IsHoliday,0.008394790339508011
Store,0.0012202212968914887
MarkDown1,0.00046393933322670574
Unemployment,0.0003234467633911554
Type,0.0002515287791028042
Fuel_Price,0.00020328793663512265
Size,9.940233153054102e-05
MarkDown2,4.73813179596643e-05
CPI,0.0
MarkDown5,0.0
MarkDown4,0.0
MarkDown3,0.0
