feature,importance
Lag_12,2018038.7083034122
Rolling_Mean_3,630945.2029316226
Lag_1,147789.5596133266
Month,126072.06385601095
Store,1156.638462039034
Year,0.0
