feature,importance
Month,0.9768715314484528
Year,0.023128468551547116
Store,0.0
